Id,Locus,Function,Gene,Ref,Alt,AAChange,ExonicFunction,dbSNPId,callQuality,coverage,aaFreq1000g,pphProb,pphPrediction,mutationTasterScore,mutationTasterPrediction,phyloPScore,phyloPPrediction,SIFTScore,GERPScore,1T1N/1T1N.FINAL.tumoronly.vcf,2T2N/2T2N.FINAL.tumoronly.vcf,3T3N/3T3N.FINAL.tumoronly.vcf,4T4N/4T4N.FINAL.tumoronly.vcf,5T5N/5T5N.FINAL.tumoronly.vcf,6T6N/6T6N.FINAL.tumoronly.vcf,7T7N/7T7N.FINAL.tumoronly.vcf,8T8N/8T8N.FINAL.tumoronly.vcf,10T10N/10T10N.FINAL.tumoronly.vcf,11T11N/11T11N.FINAL.tumoronly.vcf,12T12N/12T12N.FINAL.tumoronly.vcf,13T13N/13T13N.FINAL.tumoronly.vcf,14T14N/14T14N.FINAL.tumoronly.vcf,20870T20870N/20870T20870N.FINAL.tumoronly.vcf,21450T21450N/21450T21450N.FINAL.tumoronly.vcf,Support [0-15]
CIBIV-ID:148756,chr19:58862835,exonic,A1BG,T,G,NM_130786:c.A832C:p.T278P,nonsynonymous SNV,rs200592383,12-Mar,34,N/A,0.998,D,0.39983,N,0.995554,C,0.96,Mar-37,0,0,0,0,0,0,0,0,0,0,0,0,0,1,0,1
CIBIV-ID:148758,chr19:58864150,ncRNA_exonic,A1BG-AS1,T,C,N/A,N/A,rs6510137,150.3,10,0.86,N/A,N/A,N/A,N/A,N/A,N/A,N/A,N/A,0,0,0,0,0,0,0,0,0,0,1,0,0,0,0,1
CIBIV-ID:99493,chr12:9232253,exonic,A2M,T,TG,NM_000014:c.3013_3014insC:p.I1005fs,frameshift insertion,N/A,5-Aug,6,N/A,N/A,N/A,N/A,N/A,N/A,N/A,N/A,N/A,0,0,0,0,0,0,0,1,0,0,0,0,0,0,0,1
CIBIV-ID:99505,chr12:9266006,exonic,A2M,A,C,NM_000014:c.T220G:p.F74V,nonsynonymous SNV,N/A,222.24,126,N/A,N/A,N/A,N/A,N/A,N/A,N/A,N/A,N/A,1,0,0,0,0,0,0,0,0,0,0,0,0,0,0,1
CIBIV-ID:101935,chr12:53701306,exonic,AAAS,A,AG,NM_001173466:c.1509_1510insC:p.P503fs,frameshift insertion,N/A,3-Aug,21,N/A,N/A,N/A,N/A,N/A,N/A,N/A,N/A,N/A,0,0,0,0,0,0,0,0,1,0,0,0,0,0,0,1
CIBIV-ID:105470,chr12:125587595,exonic,AACS,A,T,NM_023928:c.A735T:p.R245S,nonsynonymous SNV,N/A,13-Apr,11,N/A,0.042,B,0.992929,D,0.101151,N,0.28,-1.85,0,0,0,0,1,0,0,0,0,0,0,0,0,0,0,1
CIBIV-ID:49346,chr5:178194492,ncRNA_intronic,AACSP1,T,C,N/A,N/A,rs55634474,122.63,18,0.79,N/A,N/A,N/A,N/A,N/A,N/A,N/A,N/A,0,0,0,0,0,0,0,0,0,0,0,0,0,1,0,1
CIBIV-ID:49347,chr5:178195424,ncRNA_intronic,AACSP1,CTT,C,N/A,N/A,N/A,39,10,N/A,N/A,N/A,N/A,N/A,N/A,N/A,N/A,N/A,0,0,0,0,0,0,0,0,0,0,0,0,0,0,1,1
CIBIV-ID:49348,chr5:178195840,ncRNA_intronic,AACSP1,T,C,N/A,N/A,rs11949981,59.78,10,0.34,N/A,N/A,N/A,N/A,N/A,N/A,N/A,N/A,0,0,0,0,0,0,0,0,0,0,0,0,0,1,0,1
CIBIV-ID:49344,chr5:178194296,ncRNA_exonic,AACSP1,T,A,N/A,N/A,rs60234391,Sep-52,8,0.12,N/A,N/A,N/A,N/A,N/A,N/A,N/A,N/A,0,1,0,0,0,0,0,0,0,0,0,0,0,0,0,1
CIBIV-ID:49345,chr5:178194326,ncRNA_exonic,AACSP1,C,T,N/A,N/A,rs34080101,167.29,14,0.77,N/A,N/A,N/A,N/A,N/A,N/A,N/A,N/A,1,1,0,1,0,0,1,0,0,0,0,0,0,0,0,4
CIBIV-ID:1674,chr1:12776344,exonic,AADACL3,A,T,NM_001103169:c.A1T:p.M1L,nonsynonymous SNV,rs3000859,6645.94,521,0.68,0.067277,NA,1,P,0.018749,N,0,-3.94,0,0,0,0,0,0,0,0,0,0,0,1,0,0,0,1
CIBIV-ID:78825,chr9:99413741,exonic,AAED1,A,AG,NM_153698:c.352_353insC:p.Y118fs,frameshift insertion,N/A,Jun-55,15,N/A,N/A,N/A,N/A,N/A,N/A,N/A,N/A,N/A,0,0,0,0,0,0,0,0,0,1,0,0,0,0,0,1
CIBIV-ID:18090,chr2:69741609,exonic,AAK1,C,T,NM_014911:c.G1770A:p.E590E,synonymous SNV,rs2276689,7-Aug,7,0.37,N/A,N/A,N/A,N/A,N/A,N/A,N/A,N/A,0,0,0,0,0,0,1,0,0,0,0,1,0,0,0,2
CIBIV-ID:125044,chr16:70287220,exonic,AARS,G,A,NM_001605:c.C2672T:p.T891M,nonsynonymous SNV,N/A,23,20,N/A,0.579,P,0.991138,D,0.99948,C,0.99,Apr-99,0,0,0,0,0,0,0,0,0,0,1,0,0,0,0,1
CIBIV-ID:37966,chr4:57215677,exonic,AASDH,G,A,NM_181806:c.C2240T:p.A747V,nonsynonymous SNV,rs3796544,3210.71,236,0.28,0,B,8.23E-04,P,0.007585,N,0.59,-5.28,0,0,0,0,1,0,0,0,0,0,0,0,0,0,0,1
CIBIV-ID:65991,chr7:121726081,exonic,AASS,C,T,NM_005763:c.G2169A:p.G723G,synonymous SNV,N/A,149.49,49,N/A,N/A,N/A,N/A,N/A,N/A,N/A,N/A,N/A,0,0,0,0,0,0,0,1,0,0,0,0,0,0,0,1
CIBIV-ID:135356,chr17:79093822,exonic,AATK,A,G,NM_004920:c.T3488C:p.F1163S,nonsynonymous SNV,rs36000545,135.18,79,0.37,N/A,N/A,N/A,N/A,N/A,N/A,N/A,N/A,0,1,0,0,0,0,0,0,0,0,0,0,0,0,0,1
CIBIV-ID:135357,chr17:79094758,exonic,AATK,C,T,NM_004920:c.G2669A:p.R890Q,nonsynonymous SNV,N/A,15-Jan,59,N/A,N/A,N/A,N/A,N/A,N/A,N/A,N/A,N/A,0,0,0,0,0,0,0,0,0,0,1,0,0,0,0,1
CIBIV-ID:135370,chr17:79102330,exonic,AATK,T,C,NM_004920:c.A45G:p.T15T,synonymous SNV,rs11871062,706.95,57,0.07,N/A,N/A,N/A,N/A,N/A,N/A,N/A,N/A,0,0,0,0,0,0,0,0,0,0,0,0,1,0,0,1
CIBIV-ID:135379,chr17:79155935,ncRNA_intronic,AATK-AS1,G,A,N/A,N/A,rs77751732,78.14,12,0.11,N/A,N/A,N/A,N/A,N/A,N/A,N/A,N/A,0,0,0,0,0,0,0,0,0,0,0,0,0,0,1,1
CIBIV-ID:135380,chr17:79156551,ncRNA_intronic,AATK-AS1,A,T,N/A,N/A,rs4129124,138.86,10,0.17,N/A,N/A,N/A,N/A,N/A,N/A,N/A,N/A,0,0,0,0,0,0,0,0,0,0,0,0,0,1,0,1
CIBIV-ID:135377,chr17:79140505,ncRNA_exonic,AATK-AS1,C,G,N/A,N/A,rs12946891,100.07,12,0.32,N/A,N/A,N/A,N/A,N/A,N/A,N/A,N/A,0,0,0,0,0,1,0,0,0,1,1,0,0,0,0,3
CIBIV-ID:135378,chr17:79155803,ncRNA_exonic,AATK-AS1,A,G,N/A,N/A,rs11869901,665.66,52,0.3,N/A,N/A,N/A,N/A,N/A,N/A,N/A,N/A,0,0,0,0,0,0,0,0,0,0,0,0,0,1,0,1
CIBIV-ID:79181,chr9:107550222,exonic,ABCA1,G,A,NM_005502:c.C6183T:p.G2061G,synonymous SNV,rs9282537,222.73,22,0.06,N/A,N/A,N/A,N/A,N/A,N/A,N/A,N/A,0,0,0,0,0,0,0,0,0,0,0,1,0,0,0,1
CIBIV-ID:79201,chr9:107620816,exonic,ABCA1,A,AG,NM_005502:c.707_708insC:p.L236fs,frameshift insertion,N/A,25-Mar,13,N/A,N/A,N/A,N/A,N/A,N/A,N/A,N/A,N/A,0,0,0,0,0,0,0,0,1,0,0,0,0,0,0,1
CIBIV-ID:133995,chr17:67178316,exonic,ABCA10,A,G,NM_080282:c.T2747C:p.M916T,nonsynonymous SNV,rs4968849,341.65,24,0.67,0,B,2.00E-05,P,0.761235,N,0,Jan-58,0,0,0,0,0,0,0,0,1,0,0,0,0,0,0,1
CIBIV-ID:134002,chr17:67189693,exonic,ABCA10,A,AT,NM_080282:c.1582_1583insA:p.L528fs,frameshift insertion,N/A,604.57,160,N/A,N/A,N/A,N/A,N/A,N/A,N/A,N/A,N/A,0,0,0,0,0,0,0,0,0,0,1,0,0,0,0,1
CIBIV-ID:133997,chr17:67178816,exonic@splicing,ABCA10@ABCA10,C,CT,NM_080282:c.2631_2632insA:p.K877fs,frameshift insertion,N/A,Sep-93,13,N/A,N/A,N/A,N/A,N/A,N/A,N/A,N/A,N/A,0,0,0,0,0,0,0,0,0,1,0,0,0,0,0,1
CIBIV-ID:134008,chr17:67210992,exonic@splicing,ABCA10@ABCA10,T,C,NM_080282:c.A859G:p.I287V,nonsynonymous SNV,rs11657804,295.16,30,0.26,0.014,B,0.006926,P,0.06683,N,0,-1.91,0,1,0,0,0,0,0,0,0,0,0,0,0,0,0,1
CIBIV-ID:34946,chr4:421086,ncRNA_intronic,ABCA11P,C,T,N/A,N/A,rs2280249,119.36,13,0.38,N/A,N/A,N/A,N/A,N/A,N/A,N/A,N/A,0,0,0,0,0,0,0,1,0,0,0,0,0,0,0,1
CIBIV-ID:34947,chr4:421621,ncRNA_intronic,ABCA11P,A,G,N/A,N/A,rs17720527,91.01,22,0.22,N/A,N/A,N/A,N/A,N/A,N/A,N/A,N/A,0,0,0,0,0,0,0,0,0,0,1,0,0,0,0,1
CIBIV-ID:34948,chr4:421631,ncRNA_intronic,ABCA11P,G,A,N/A,N/A,rs139404872,291.14,22,0.01,N/A,N/A,N/A,N/A,N/A,N/A,N/A,N/A,0,0,0,1,0,0,0,0,0,0,0,0,0,0,0,1
CIBIV-ID:34949,chr4:431138,ncRNA_intronic,ABCA11P,CA,C,N/A,N/A,N/A,123.47,23,N/A,N/A,N/A,N/A,N/A,N/A,N/A,N/A,N/A,0,0,0,0,0,0,0,1,0,0,0,0,0,0,0,1
CIBIV-ID:34955,chr4:461594,ncRNA_intronic,ABCA11P,T,TC,N/A,N/A,N/A,Jul-37,6,N/A,N/A,N/A,N/A,N/A,N/A,N/A,N/A,N/A,0,0,0,0,0,0,0,0,0,1,0,0,0,0,0,1
CIBIV-ID:34956,chr4:467705,ncRNA_intronic,ABCA11P,C,T,N/A,N/A,N/A,152.26,28,N/A,N/A,N/A,N/A,N/A,N/A,N/A,N/A,N/A,0,0,0,0,0,0,0,1,0,0,0,0,0,0,0,1
CIBIV-ID:34944,chr4:419565,ncRNA_exonic,ABCA11P,C,T,N/A,N/A,rs7666919,311.67,26,0.38,N/A,N/A,N/A,N/A,N/A,N/A,N/A,N/A,0,0,0,0,0,0,0,0,0,0,1,0,0,0,0,1
CIBIV-ID:34945,chr4:419639,ncRNA_exonic,ABCA11P,T,C,N/A,N/A,rs7681990,75.91,16,0.17,N/A,N/A,N/A,N/A,N/A,N/A,N/A,N/A,0,0,0,0,0,0,0,1,0,0,0,0,0,0,0,1
CIBIV-ID:24658,chr2:215818804,exonic,ABCA12,T,G,NM_015657:c.A5467C:p.K1823Q,nonsynonymous SNV,N/A,56.67,34,N/A,0.514,P,0.003035,N,0.998767,C,0.97,May-82,0,0,0,0,0,0,0,0,0,0,1,0,0,0,0,1
CIBIV-ID:24664,chr2:215831633,exonic,ABCA12,G,C,NM_015657:c.C4869G:p.L1623L,synonymous SNV,N/A,542.58,134,N/A,N/A,N/A,N/A,N/A,N/A,N/A,N/A,N/A,0,0,0,0,0,0,0,0,0,0,0,1,0,0,0,1
CIBIV-ID:62069,chr7:48315288,exonic,ABCA13,A,AT,NM_152701:c.6025_6026insT:p.I2009fs,frameshift insertion,N/A,Apr-42,29,N/A,N/A,N/A,N/A,N/A,N/A,N/A,N/A,N/A,0,0,0,0,0,0,0,0,0,1,0,0,0,0,0,1
CIBIV-ID:62085,chr7:48547536,exonic,ABCA13,C,T,NM_152701:c.C13415T:p.S4472F,nonsynonymous SNV,N/A,2563.98,762,N/A,N/A,N/A,N/A,N/A,N/A,N/A,N/A,N/A,0,0,0,0,0,1,0,0,0,0,0,0,0,0,0,1
CIBIV-ID:120991,chr16:2431804,ncRNA_intronic,ABCA17P,C,T,N/A,N/A,rs11248917,224.01,14,0.7,N/A,N/A,N/A,N/A,N/A,N/A,N/A,N/A,1,0,0,0,1,0,0,0,0,0,0,0,0,0,0,2
CIBIV-ID:120992,chr16:2475021,ncRNA_exonic,ABCA17P,T,C,N/A,N/A,rs11641123,280.05,24,0.76,N/A,N/A,N/A,N/A,N/A,N/A,N/A,N/A,0,0,0,0,0,0,0,0,0,0,0,0,1,0,0,1
CIBIV-ID:82220,chr9:139911036,exonic,ABCA2,G,A,NM_001606:c.C2913T:p.S971S,synonymous SNV,N/A,551.48,324,N/A,N/A,N/A,N/A,N/A,N/A,N/A,N/A,N/A,0,0,0,0,0,0,0,1,0,0,0,0,0,0,0,1
CIBIV-ID:82228,chr9:139917502,exonic,ABCA2,A,AG,NM_001606:c.166_167insC:p.F56fs,frameshift insertion,N/A,5-Aug,15,N/A,N/A,N/A,N/A,N/A,N/A,N/A,N/A,N/A,0,0,0,0,0,0,0,0,0,1,0,0,0,0,0,1
CIBIV-ID:6825,chr1:94497491,exonic,ABCA4,G,A,NM_000350:c.C3971T:p.A1324V,nonsynonymous SNV,N/A,110.33,138,N/A,0,B,4.60E-05,N,0.967041,C,0.7,0.926,0,0,0,0,0,0,0,0,0,0,1,0,0,0,0,1
CIBIV-ID:134016,chr17:67260926,exonic,ABCA5,A,G,NM_018672:c.T3265C:p.L1089L,synonymous SNV,rs12449649,804.79,56,0.38,N/A,N/A,N/A,N/A,N/A,N/A,N/A,N/A,0,0,0,0,0,0,0,0,0,0,0,0,1,0,0,1
CIBIV-ID:134023,chr17:67273920,exonic,ABCA5,A,AT,NM_018672:c.2456_2457insA:p.M819fs,frameshift insertion,N/A,9-Apr,14,N/A,N/A,N/A,N/A,N/A,N/A,N/A,N/A,N/A,0,0,0,0,0,0,0,0,1,0,0,0,0,0,0,1
CIBIV-ID:134027,chr17:67298916,exonic,ABCA5,C,T,NM_018672:c.G1062A:p.S354S,synonymous SNV,rs143655246,328.03,207,9.00E-04,N/A,N/A,N/A,N/A,N/A,N/A,N/A,N/A,0,0,0,1,0,0,0,0,0,0,0,0,0,0,0,1
CIBIV-ID:133981,chr17:67103837,exonic@splicing,ABCA6@ABCA6,C,CT,NM_080284:c.2389_2390insA:p.D797fs,frameshift insertion,N/A,Sep-93,8,N/A,N/A,N/A,N/A,N/A,N/A,N/A,N/A,N/A,0,0,0,0,0,0,0,0,0,1,0,0,0,0,0,1
CIBIV-ID:139388,chr19:1042809,exonic,ABCA7,A,G,NM_019112:c.A563G:p.E188G,nonsynonymous SNV,rs3764645,426.84,30,0.41,0.45,P,0.002426,P,0.10964,N,0.52,-0.176,0,0,0,0,0,0,0,1,0,0,0,0,0,0,0,1
CIBIV-ID:139391,chr19:1046941,exonic,ABCA7,G,A,NM_019112:c.G1763A:p.R588H,nonsynonymous SNV,N/A,154.29,98,N/A,0.732,P,0.006684,N,0.899314,N,0.98,0.654,0,0,0,0,0,0,0,1,0,0,0,0,0,0,0,1
CIBIV-ID:139402,chr19:1052005,exonic,ABCA7,C,T,NM_019112:c.C3027T:p.A1009A,synonymous SNV,rs3764652,341.01,26,0.38,N/A,N/A,N/A,N/A,N/A,N/A,N/A,N/A,0,0,0,0,0,0,0,0,0,1,0,0,0,0,0,1
CIBIV-ID:139410,chr19:1053524,exonic,ABCA7,C,G,NM_019112:c.C3417G:p.L1139L,synonymous SNV,rs3752241,387.97,42,0.16,N/A,N/A,N/A,N/A,N/A,N/A,N/A,N/A,0,0,0,0,0,0,0,0,0,0,0,1,0,0,0,1
CIBIV-ID:139413,chr19:1056136,exonic,ABCA7,A,AG,NM_019112:c.4310_4311insG:p.E1437fs,frameshift insertion,N/A,14-Jun,42,N/A,N/A,N/A,N/A,N/A,N/A,N/A,N/A,N/A,0,0,0,0,0,0,0,1,0,0,0,0,0,0,0,1
CIBIV-ID:139418,chr19:1065044,exonic,ABCA7,C,T,NM_019112:c.C6159T:p.G2053G,synonymous SNV,rs4147935,844.53,70,0.23,N/A,N/A,N/A,N/A,N/A,N/A,N/A,N/A,0,1,0,0,0,0,0,0,0,0,0,0,0,0,0,1
CIBIV-ID:133936,chr17:66872802,exonic,ABCA8,G,C,NM_007168:c.C4122G:p.P1374P,synonymous SNV,rs1481,210.02,16,0.79,N/A,N/A,N/A,N/A,N/A,N/A,N/A,N/A,1,0,0,0,0,0,0,0,0,0,0,0,0,0,0,1
CIBIV-ID:133944,chr17:66891035,exonic,ABCA8,A,AC,NM_007168:c.2764_2765insG:p.C922fs,frameshift insertion,N/A,9-Apr,10,N/A,N/A,N/A,N/A,N/A,N/A,N/A,N/A,N/A,0,0,0,0,0,0,0,0,1,0,0,0,0,0,0,1
CIBIV-ID:133945,chr17:66898931,exonic,ABCA8,G,A,NM_007168:c.C2567T:p.S856F,nonsynonymous SNV,N/A,150.8,50,N/A,0.928,D,0.28181,N,0.999542,C,0.96,Apr-57,0,0,0,0,0,1,0,0,0,0,0,0,0,0,0,1
CIBIV-ID:133958,chr17:66981198,exonic,ABCA9,C,T,NM_080283:c.G4280A:p.R1427Q,nonsynonymous SNV,N/A,164.37,52,N/A,1,D,0.999681,D,0.998584,C,1,Apr-52,0,0,0,0,0,0,0,1,0,0,0,0,0,0,0,1
CIBIV-ID:13938,chr1:229694336,exonic,ABCB10,G,A,NM_012089:c.C64T:p.R22W,nonsynonymous SNV,N/A,14-Feb,7,N/A,0.513861,NA,2.56E-04,N,0.87527,N,1,0.314,0,0,0,0,0,0,0,0,0,0,0,0,0,0,1,1
CIBIV-ID:60679,chr7:20762646,exonic,ABCB5,G,T,NM_178559:c.G1094T:p.G365V,nonsynonymous SNV,rs62453384,291.61,30,0.24,0.13,B,0.94308,D,0.991311,C,1,24-Mar,0,0,0,0,0,0,1,0,0,0,0,0,0,0,0,1
CIBIV-ID:24974,chr2:220077775,exonic,ABCB6,C,T,NM_005689:c.G1818A:p.L606L,synonymous SNV,N/A,174.64,68,N/A,N/A,N/A,N/A,N/A,N/A,N/A,N/A,N/A,0,0,0,0,0,0,0,1,0,0,0,0,0,0,0,1
CIBIV-ID:68003,chr7:150732987,exonic,ABCB8,G,A,NM_007188:c.G946A:p.V316I,nonsynonymous SNV,rs142475735,542.03,259,5.00E-04,0.191,P,0.998423,D,0.999294,C,0.91,Apr-77,0,0,0,0,0,0,0,1,0,0,0,0,0,0,0,1
CIBIV-ID:105251,chr12:123414543,exonic,ABCB9,T,C,NM_001243013:c.A2027G:p.Q676R,nonsynonymous SNV,N/A,87.94,57,N/A,0.054,B,0.958063,D,0.995625,C,0.61,Apr-46,0,0,0,0,0,0,0,1,0,0,0,0,0,0,0,1
CIBIV-ID:121954,chr16:16138313,exonic,ABCC1,G,A,NM_004996:c.G816A:p.P272P,synonymous SNV,rs2230669,88.4,14,0.03,N/A,N/A,N/A,N/A,N/A,N/A,N/A,N/A,0,0,0,0,1,0,0,0,0,0,0,0,0,0,0,1
CIBIV-ID:121955,chr16:16138322,exonic,ABCC1,T,C,NM_004996:c.T825C:p.V275V,synonymous SNV,rs246221,66.16,19,0.44,N/A,N/A,N/A,N/A,N/A,N/A,N/A,N/A,0,0,0,0,0,0,0,1,0,0,0,0,0,0,0,1
CIBIV-ID:121962,chr16:16205347,exonic,ABCC1,T,G,NM_004996:c.T2987G:p.L996R,nonsynonymous SNV,N/A,602.88,228,N/A,0.735339,NA,0.999836,D,0.998953,C,0.903764,31-May,0,0,0,0,0,0,0,0,0,0,0,0,1,0,0,1
CIBIV-ID:123883,chr16:48264440,exonic,ABCC11,TC,T,NM_033151:c.143delG:p.R48fs,frameshift deletion,N/A,3-Aug,6,N/A,N/A,N/A,N/A,N/A,N/A,N/A,N/A,N/A,0,0,0,0,0,0,0,0,0,1,0,0,0,0,0,1
CIBIV-ID:154310,chr21:15660887,ncRNA_intronic,ABCC13,GT,G,N/A,N/A,N/A,277.9,95,N/A,N/A,N/A,N/A,N/A,N/A,N/A,N/A,N/A,0,0,0,0,0,0,0,0,0,0,1,0,0,0,0,1
CIBIV-ID:154311,chr21:15663576,ncRNA_intronic,ABCC13,A,AT,N/A,N/A,N/A,3-Aug,5,N/A,N/A,N/A,N/A,N/A,N/A,N/A,N/A,N/A,0,0,0,0,0,0,0,0,0,1,0,0,0,0,0,1
CIBIV-ID:154313,chr21:15663725,ncRNA_intronic,ABCC13,G,C,N/A,N/A,rs78253590,129.26,20,0.02,N/A,N/A,N/A,N/A,N/A,N/A,N/A,N/A,0,0,0,0,0,0,0,0,0,0,0,1,0,0,0,1
CIBIV-ID:154314,chr21:15663801,ncRNA_intronic,ABCC13,T,TGTGA,N/A,N/A,N/A,164,20,N/A,N/A,N/A,N/A,N/A,N/A,N/A,N/A,N/A,0,0,0,0,0,0,0,0,0,0,0,0,0,0,1,1
CIBIV-ID:154309,chr21:15646397,ncRNA_exonic,ABCC13,A,G,N/A,N/A,rs8129984,380.41,32,0.87,N/A,N/A,N/A,N/A,N/A,N/A,N/A,N/A,0,1,0,0,0,0,0,0,0,0,0,0,0,0,0,1
CIBIV-ID:154312,chr21:15663703,ncRNA_exonic,ABCC13,CTA,C,N/A,N/A,N/A,Sep-93,8,N/A,N/A,N/A,N/A,N/A,N/A,N/A,N/A,N/A,0,0,0,0,0,0,0,0,0,0,1,0,0,0,0,1
CIBIV-ID:132867,chr17:48761105,exonic,ABCC3,C,T,NM_003786:c.C3942T:p.H1314H,synonymous SNV,rs2277624,8309.36,674,0.26,N/A,N/A,N/A,N/A,N/A,N/A,N/A,N/A,0,0,0,0,0,0,0,0,0,0,0,0,1,0,0,1
CIBIV-ID:33622,chr3:183643381,exonic,ABCC5,G,GA,NM_005688:c.4174_4175insT:p.L1392fs,frameshift insertion,N/A,Sep-93,18,N/A,N/A,N/A,N/A,N/A,N/A,N/A,N/A,N/A,0,0,0,0,0,0,0,1,0,0,0,0,0,0,0,1
CIBIV-ID:121973,chr16:16263604,exonic,ABCC6,C,A,NM_001171:c.G2894T:p.G965V,nonsynonymous SNV,N/A,Aug-64,9,N/A,0.996,D,0.949848,D,0.84225,N,1,Apr-56,0,0,0,0,0,0,0,0,0,0,0,1,0,0,0,1
CIBIV-ID:121974,chr16:16263634,exonic,ABCC6,A,AG,NM_001171:c.2864_2865insC:p.L955fs,frameshift insertion,N/A,5-Aug,6,N/A,N/A,N/A,N/A,N/A,N/A,N/A,N/A,N/A,0,0,0,0,0,0,0,0,0,1,0,0,0,0,0,1
CIBIV-ID:121975,chr16:16263690,exonic,ABCC6,C,A,NM_001171:c.G2808T:p.L936L,synonymous SNV,N/A,Apr-77,13,N/A,N/A,N/A,N/A,N/A,N/A,N/A,N/A,N/A,0,0,1,0,0,0,0,0,0,0,0,0,0,0,0,1
CIBIV-ID:121987,chr16:16281007,exonic,ABCC6,A,G,NM_001171:c.T1841C:p.V614A,nonsynonymous SNV,rs12931472,183.37,14,0.37,0,B,1.90E-05,P,0.005533,N,0.5,3-Apr,0,0,0,0,1,0,0,0,0,0,1,0,0,0,0,2
CIBIV-ID:92321,chr11:17434957,exonic,ABCC8,G,A,NM_000352:c.C2459T:p.T820I,nonsynonymous SNV,N/A,152.26,99,N/A,1,D,0.996696,D,0.999518,C,1,5-Jun,0,0,0,0,0,0,0,0,0,0,1,0,0,0,0,1
CIBIV-ID:92325,chr11:17452492,exonic,ABCC8,G,A,NM_000352:c.C1686T:p.H562H,synonymous SNV,rs1799857,550.77,48,0.39,N/A,N/A,N/A,N/A,N/A,N/A,N/A,N/A,0,0,0,0,0,0,0,0,0,0,0,1,0,0,0,1
CIBIV-ID:100292,chr12:21962873,exonic,ABCC9,C,T,NM_005691:c.G4228A:p.E1410K,nonsynonymous SNV,N/A,402.64,141,N/A,0.98,D,0.998722,D,0.999109,C,0.83,Apr-94,0,0,0,0,0,0,0,0,0,0,0,0,1,0,0,1
CIBIV-ID:100307,chr12:22065926,exonic,ABCC9,A,C,NM_005691:c.T891G:p.I297M,nonsynonymous SNV,N/A,90.91,72,N/A,0.123,B,0.995977,D,0.977093,C,0.9,Mar-42,1,0,0,0,0,0,0,0,0,0,0,0,0,0,0,1
CIBIV-ID:112400,chr14:74759006,exonic,ABCD4,C,T,NM_005050:c.G1102A:p.E368K,nonsynonymous SNV,rs3742801,117.38,26,0.27,0,B,0.439077,NA,0.835574,N,0.65,0.66,0,1,0,0,0,0,0,0,0,0,0,0,0,0,0,1
CIBIV-ID:51729,chr6:30554313,exonic,ABCF1,A,G,NM_001090:c.A1834G:p.M612V,nonsynonymous SNV,N/A,773.04,193,N/A,0.978,D,0.999221,D,0.997327,C,0.97,4-Apr,0,0,0,0,0,0,0,1,0,0,0,0,0,0,0,1
CIBIV-ID:51730,chr6:30557494,exonic,ABCF1,G,A,NM_001090:c.G1947A:p.R649R,synonymous SNV,rs143648554,3599.36,275,5.00E-04,N/A,N/A,N/A,N/A,N/A,N/A,N/A,N/A,0,0,0,0,1,0,0,0,0,0,0,0,0,0,0,1
CIBIV-ID:155528,chr21:43708011,exonic,ABCG1,C,T,NM_004915:c.C986T:p.A329V,nonsynonymous SNV,N/A,237.05,241,N/A,0.135,B,0.999082,D,0.996831,C,1,29-Apr,0,0,0,0,0,0,0,0,0,0,1,0,0,0,0,1
CIBIV-ID:39263,chr4:89028338,exonic,ABCG2,G,GT,NM_001257386:c.1275_1276insA:p.N425fs,frameshift insertion,N/A,3-Aug,9,N/A,N/A,N/A,N/A,N/A,N/A,N/A,N/A,N/A,0,0,0,0,0,0,0,0,0,1,0,0,0,0,0,1
CIBIV-ID:17210,chr2:44049946,exonic,ABCG5,C,A,NM_022436:c.G1453T:p.V485L,nonsynonymous SNV,N/A,15-Jan,42,N/A,0.347,P,0.202176,N,0.977355,C,0.65,Mar-34,0,0,0,0,0,0,0,1,0,0,0,0,0,0,0,1
CIBIV-ID:63498,chr7:73151644,exonic,ABHD11,A,G,NM_148912:c.T540C:p.Y180Y,synonymous SNV,rs6460052,1957.32,155,0.58,N/A,N/A,N/A,N/A,N/A,N/A,N/A,N/A,0,0,0,0,1,0,0,0,0,0,0,0,0,0,0,1
CIBIV-ID:150184,chr20:25282944,exonic,ABHD12,A,G,NM_001042472:c.T1068C:p.D356D,synonymous SNV,rs10966,359.2,24,0.56,N/A,N/A,N/A,N/A,N/A,N/A,N/A,N/A,0,0,1,0,0,0,0,0,0,0,0,0,0,0,0,1
CIBIV-ID:29000,chr3:52018003,ncRNA_intronic,ABHD14A-ACY1,G,GC,N/A,N/A,N/A,Jul-35,7,N/A,N/A,N/A,N/A,N/A,N/A,N/A,N/A,N/A,0,0,0,0,0,0,0,0,1,0,0,0,0,0,0,1
CIBIV-ID:28999,chr3:52004113,exonic,ABHD14B,A,G,NM_001254753:c.T185C:p.L62S,nonsynonymous SNV,N/A,359.08,133,N/A,0.994,D,0.999988,D,0.998688,C,0.99,23-May,0,0,0,0,0,0,0,1,0,0,0,0,0,0,0,1
CIBIV-ID:130574,chr17:27889644,exonic,ABHD15,G,A,NM_198147:c.C1342T:p.R448W,nonsynonymous SNV,rs148129691,652.88,216,N/A,0.999,D,0.999252,D,0.993544,C,1,25-Apr,0,0,0,0,0,0,0,1,0,0,0,0,0,0,0,1
CIBIV-ID:130576,chr17:27893337,exonic,ABHD15,C,T,NM_198147:c.G648A:p.K216K,synonymous SNV,N/A,84.31,46,N/A,N/A,N/A,N/A,N/A,N/A,N/A,N/A,N/A,0,0,0,0,0,0,0,0,0,0,1,0,0,0,0,1
CIBIV-ID:52359,chr6:31657413,exonic,ABHD16A,T,C,NM_001177515:c.A927G:p.L309L,synonymous SNV,rs1475865,2201.59,168,0.81,N/A,N/A,N/A,N/A,N/A,N/A,N/A,N/A,0,0,0,0,1,0,0,0,0,0,0,0,0,0,0,1
CIBIV-ID:153385,chr20:62493171,exonic,ABHD16B,T,TAC,NM_080622:c.278_279insAC:p.L93fs,frameshift insertion,N/A,304.85,82,N/A,N/A,N/A,N/A,N/A,N/A,N/A,N/A,N/A,0,1,0,0,0,0,0,0,0,0,0,0,0,0,0,1
CIBIV-ID:153386,chr20:62493255,exonic,ABHD16B,G,A,NM_080622:c.G362A:p.R121H,nonsynonymous SNV,N/A,447,185,N/A,0.242,P,0.252715,N,0.998578,C,0.94,Feb-98,0,0,0,0,0,0,0,0,0,0,1,0,0,0,0,1
CIBIV-ID:29486,chr3:58242320,exonic,ABHD6,C,CT,NM_020676:c.7_8insT:p.L3fs,frameshift insertion,N/A,May-79,15,N/A,N/A,N/A,N/A,N/A,N/A,N/A,N/A,N/A,0,0,0,0,0,0,0,1,0,0,0,0,0,0,0,1
CIBIV-ID:80895,chr9:133760617,exonic,ABL1,C,T,NM_005157:c.C2940T:p.P980P,synonymous SNV,rs11558834,4437.28,330,0.04,N/A,N/A,N/A,N/A,N/A,N/A,N/A,N/A,0,0,0,0,1,0,0,0,0,0,0,0,0,0,0,1
CIBIV-ID:80896,chr9:133761001,exonic,ABL1,A,G,NM_005157:c.A3324G:p.P1108P,synonymous SNV,rs1056171,2467.58,206,0.62,N/A,N/A,N/A,N/A,N/A,N/A,N/A,N/A,0,0,0,0,1,0,0,0,0,0,0,0,0,0,0,1
CIBIV-ID:11251,chr1:179112145,exonic,ABL2,C,G,NM_001136000:c.G35C:p.S12T,nonsynonymous SNV,rs1318056,571.48,34,0.07,0.006,B,2.10E-05,P,0.817203,N,1,31-Jan,0,0,0,0,0,0,0,0,0,0,0,0,1,0,0,1
CIBIV-ID:36106,chr4:8108316,exonic,ABLIM2,G,A,NM_001130083:c.C59T:p.T20M,nonsynonymous SNV,N/A,3570.87,265,N/A,N/A,N/A,N/A,N/A,N/A,N/A,N/A,N/A,0,0,0,0,1,0,0,0,0,0,0,0,0,0,0,1
CIBIV-ID:81224,chr9:136131469,exonic,ABO,G,A,UNKNOWN,unknown,rs56408700,2767.85,223,0.01,N/A,N/A,N/A,N/A,N/A,N/A,N/A,N/A,0,0,0,0,1,0,0,0,0,0,0,0,0,0,0,1
CIBIV-ID:81225,chr9:136131592,exonic,ABO,G,C,UNKNOWN,unknown,rs7853989,2010.51,171,0.14,N/A,N/A,N/A,N/A,N/A,N/A,N/A,N/A,0,0,0,0,1,0,0,0,0,0,0,0,0,0,0,1
CIBIV-ID:67969,chr7:150557578,exonic,ABP1,G,A,NM_001272072:c.G1903A:p.V635M,nonsynonymous SNV,rs11771771,1199.65,91,0.07,N/A,N/A,N/A,N/A,N/A,N/A,N/A,N/A,0,1,0,0,0,0,0,0,0,0,0,0,0,0,0,1
CIBIV-ID:51010,chr6:26597290,exonic,ABT1,A,AG,NM_013375:c.80_81insG:p.E27fs,frameshift insertion,N/A,25-Mar,22,N/A,N/A,N/A,N/A,N/A,N/A,N/A,N/A,N/A,0,0,0,0,0,0,0,0,0,1,0,0,0,0,0,1
CIBIV-ID:31625,chr3:127394816,exonic,ABTB1,C,A,NM_172027:c.C179A:p.A60D,nonsynonymous SNV,N/A,Apr-77,6,N/A,0.998,D,0.996277,D,0.996697,C,1,24-Apr,0,0,0,0,0,0,1,0,0,0,0,0,0,0,0,1
CIBIV-ID:31626,chr3:127394820,exonic,ABTB1,C,T,NM_172027:c.C183T:p.R61R,synonymous SNV,rs35703629,160.96,16,0.13,N/A,N/A,N/A,N/A,N/A,N/A,N/A,N/A,0,0,0,1,0,0,0,0,0,0,0,0,0,0,0,1
CIBIV-ID:93056,chr11:34174113,exonic,ABTB2,G,GT,NM_145804:c.2899_2900insA:p.L967fs,frameshift insertion,N/A,Apr-42,10,N/A,N/A,N/A,N/A,N/A,N/A,N/A,N/A,N/A,0,0,0,0,0,0,0,0,1,0,0,0,0,0,0,1
CIBIV-ID:93064,chr11:34226220,exonic,ABTB2,CG,C,NM_145804:c.900delC:p.P300fs,frameshift deletion,N/A,122.92,32,N/A,N/A,N/A,N/A,N/A,N/A,N/A,N/A,N/A,0,0,0,0,0,0,0,1,0,0,0,0,0,0,0,1
CIBIV-ID:131072,chr17:35609953,exonic,ACACA,C,A,NM_198837:c.G1551T:p.V517V,synonymous SNV,N/A,Jun-98,8,N/A,N/A,N/A,N/A,N/A,N/A,N/A,N/A,N/A,0,0,0,0,0,0,0,0,0,0,0,0,0,0,1,1
CIBIV-ID:131082,chr17:35696804,exonic,ACACA,G,A,NM_198834:c.C45T:p.F15F,synonymous SNV,rs58654829,289.88,62,0.62,N/A,N/A,N/A,N/A,N/A,N/A,N/A,N/A,0,1,0,0,0,0,0,0,0,0,0,0,0,0,0,1
CIBIV-ID:104278,chr12:109660701,exonic,ACACB,G,T,NM_001093:c.G3776T:p.C1259F,nonsynonymous SNV,N/A,13-Apr,9,N/A,1,D,0.999924,D,0.999458,C,0.85,Apr-64,0,0,0,0,0,0,0,0,0,0,0,0,0,0,1,1
CIBIV-ID:89442,chr10:124800070,exonic,ACADSB,T,C,NM_001609:c.T392C:p.V131A,nonsynonymous SNV,N/A,95.37,45,N/A,0.901,D,0.996257,D,0.998041,C,1,May-33,0,0,0,0,0,0,0,0,0,0,1,0,0,0,0,1
CIBIV-ID:119324,chr15:89398825,exonic,ACAN,C,T,NM_001135:c.C3009T:p.T1003T,synonymous SNV,rs4080952,40.1,29,N/A,N/A,N/A,N/A,N/A,N/A,N/A,N/A,N/A,1,0,0,0,1,0,0,0,1,0,0,0,1,1,0,5
CIBIV-ID:119325,chr15:89399929,exonic,ACAN,C,G,NM_001135:c.C4113G:p.D1371E,nonsynonymous SNV,N/A,3-Jul,9,N/A,N/A,N/A,N/A,N/A,N/A,N/A,N/A,N/A,0,0,0,0,0,0,0,1,0,0,0,0,0,0,0,1
CIBIV-ID:119326,chr15:89400023,exonic,ACAN,A,G,NM_001135:c.A4207G:p.T1403A,nonsynonymous SNV,rs12899191,13-Feb,13,N/A,N/A,N/A,N/A,N/A,N/A,N/A,N/A,N/A,0,0,0,0,0,0,0,0,1,0,0,0,0,0,0,1
CIBIV-ID:119329,chr15:89417097,exonic,ACAN,T,TG,NM_013227:c.7358_7359insG:p.V2453fs,frameshift insertion,N/A,Sep-93,15,N/A,N/A,N/A,N/A,N/A,N/A,N/A,N/A,N/A,0,0,0,0,0,0,0,0,1,0,0,0,0,0,0,1
CIBIV-ID:128121,chr17:7247229,exonic,ACAP1,A,AG,NM_014716:c.623_624insG:p.E208fs,frameshift insertion,N/A,18-Aug,12,N/A,N/A,N/A,N/A,N/A,N/A,N/A,N/A,N/A,0,0,0,0,0,0,0,0,0,1,0,0,0,0,0,1
CIBIV-ID:97046,chr11:107992346,exonic,ACAT1,G,C,NM_000019:c.G13C:p.A5P,nonsynonymous SNV,rs3741056,25,24,0.31,0.012,B,0.431187,NA,0.811648,N,0.92,-1.64,0,0,0,0,0,1,0,0,0,0,0,0,0,0,0,1
CIBIV-ID:13638,chr1:226342519,exonic,ACBD3,G,GT,NM_022735:c.919_920insA:p.Q307fs,frameshift insertion,N/A,9-Apr,14,N/A,N/A,N/A,N/A,N/A,N/A,N/A,N/A,N/A,0,0,0,0,0,0,0,0,0,1,0,0,0,0,0,1
CIBIV-ID:13639,chr1:226349289,exonic,ACBD3,C,T,NM_022735:c.G671A:p.R224Q,nonsynonymous SNV,N/A,1508.93,341,N/A,0.577135,NA,0.999771,D,0.99866,C,0.62,Apr-77,0,0,0,0,0,0,0,1,0,0,0,0,0,0,0,1
CIBIV-ID:132217,chr17:43220881,exonic,ACBD4,C,T,NM_001135706:c.C899T:p.S300F,nonsynonymous SNV,N/A,1813.89,285,N/A,N/A,N/A,N/A,N/A,N/A,N/A,N/A,N/A,0,0,0,0,1,0,0,0,0,0,0,0,0,0,0,1
CIBIV-ID:84130,chr10:27508758,exonic,ACBD5,T,C,NM_001271512:c.A513G:p.P171P,synonymous SNV,rs10764690,404.19,30,0.35,N/A,N/A,N/A,N/A,N/A,N/A,N/A,N/A,0,0,0,1,0,0,0,0,0,0,0,0,0,0,0,1
CIBIV-ID:93274,chr11:44101118,exonic,ACCS,C,T,NM_001127219:c.C871T:p.L291L,synonymous SNV,rs7950395,196.25,38,0.12,N/A,N/A,N/A,N/A,N/A,N/A,N/A,N/A,0,0,1,0,0,0,0,0,0,0,0,0,0,0,0,1
CIBIV-ID:93257,chr11:44070029,exonic,ACCSL,C,T,NM_001031854:c.C443T:p.S148L,nonsynonymous SNV,N/A,515.93,98,N/A,0.003,B,0.202921,N,0.160313,N,0.98,-2.17,0,0,0,0,0,0,0,1,0,0,0,0,0,0,0,1
CIBIV-ID:133492,chr17:61562309,exonic,ACE,C,T,NM_001178057:c.C81T:p.P27P,synonymous SNV,rs4316,23,15,0.51,N/A,N/A,N/A,N/A,N/A,N/A,N/A,N/A,1,0,0,0,0,0,0,0,0,0,0,0,0,0,0,1
CIBIV-ID:110491,chr14:23548783,exonic,ACIN1,A,AGAACGT,NM_001164815:c.1815_1816insACGTTC:p.S605delinsSRS,nonframeshift insertion,rs148403158,4817.46,237,N/A,N/A,N/A,N/A,N/A,N/A,N/A,N/A,N/A,0,0,0,0,0,0,0,1,0,0,1,0,0,0,0,2
CIBIV-ID:110492,chr14:23549380,exonic,ACIN1,G,A,NM_001164815:c.C1218T:p.P406P,synonymous SNV,rs1885098,17-Jan,39,0.08,N/A,N/A,N/A,N/A,N/A,N/A,N/A,N/A,0,0,0,0,0,0,0,0,0,0,1,0,0,0,0,1
CIBIV-ID:159154,chr22:41911525,exonic,ACO2,C,T,NM_001098:c.C670T:p.L224L,synonymous SNV,rs1799932,280.96,22,0.29,N/A,N/A,N/A,N/A,N/A,N/A,N/A,N/A,0,0,0,0,0,0,1,0,0,0,0,0,0,0,0,1
CIBIV-ID:112333,chr14:74058832,exonic,ACOT4,C,T,NM_152331:c.C169T:p.R57C,nonsynonymous SNV,rs3742819,227.31,38,0.4,0.346,P,0.002766,N,0.001288,N,0.92,-9.38,0,0,0,0,0,0,0,0,0,0,1,0,0,0,0,1
CIBIV-ID:112334,chr14:74060508,exonic,ACOT4,C,A,NM_152331:c.C560A:p.A187D,nonsynonymous SNV,rs35724886,52.59,40,0.08,0.993,D,0.996739,D,0.997802,C,1,Apr-63,0,0,1,0,0,0,0,0,0,0,0,0,0,0,0,1
CIBIV-ID:112335,chr14:74060511,exonic,ACOT4,T,TTCAA,NM_152331:c.563_564insTCAA:p.L188fs,frameshift insertion,N/A,458.97,39,N/A,N/A,N/A,N/A,N/A,N/A,N/A,N/A,N/A,1,0,0,0,0,0,1,0,0,0,0,0,0,0,0,2
CIBIV-ID:112336,chr14:74060513,exonic,ACOT4,GCTTA,G,NM_152331:c.566_569del:p.189_190del,frameshift deletion,N/A,311.22,41,N/A,N/A,N/A,N/A,N/A,N/A,N/A,N/A,N/A,1,0,0,0,0,0,1,0,0,0,0,0,0,0,0,2
CIBIV-ID:1024,chr1:6409812,exonic,ACOT7,G,A,NM_007274:c.C258T:p.N86N,synonymous SNV,N/A,10-Apr,22,N/A,N/A,N/A,N/A,N/A,N/A,N/A,N/A,N/A,0,0,0,0,0,0,0,1,0,0,0,0,0,0,0,1
CIBIV-ID:134568,chr17:73949540,exonic,ACOX1,G,C,NM_001185039:c.C822G:p.I274M,nonsynonymous SNV,rs1135640,422.34,34,0.57,0,B,0.872255,D,0.999825,C,0.42,4-Jul,0,0,0,0,0,0,1,0,0,0,0,0,0,0,0,1
CIBIV-ID:134572,chr17:73974770,exonic,ACOX1,G,GT,NM_004035:c.114_115insA:p.N38fs,frameshift insertion,N/A,Apr-42,12,N/A,N/A,N/A,N/A,N/A,N/A,N/A,N/A,N/A,0,0,0,0,0,0,0,1,0,0,0,0,0,0,0,1
CIBIV-ID:36150,chr4:8368744,exonic,ACOX3,A,AC,NM_003501:c.2047_2048insG:p.W683fs,frameshift insertion,N/A,12-Jul,21,N/A,N/A,N/A,N/A,N/A,N/A,N/A,N/A,N/A,0,0,0,0,0,0,0,0,1,0,0,0,0,0,0,1
CIBIV-ID:141575,chr19:11687195,exonic,ACP5,C,T,NM_001611:c.G598A:p.V200M,nonsynonymous SNV,rs2229531,5540.94,491,0.08,0.028,B,0.40712,P,0.908805,N,0.95,0.414,0,1,0,0,0,0,0,0,0,0,0,0,0,0,0,1
CIBIV-ID:8751,chr1:147119273,exonic,ACP6,G,A,NM_016361:c.C1239T:p.H413H,synonymous SNV,rs1344,290.78,20,0.5,N/A,N/A,N/A,N/A,N/A,N/A,N/A,N/A,0,0,0,0,0,0,0,0,0,0,0,1,0,0,0,1
CIBIV-ID:32331,chr3:140997320,exonic,ACPL2,C,T,NM_001037172:c.C216T:p.S72S,synonymous SNV,rs11556022,1596.91,132,0.1,N/A,N/A,N/A,N/A,N/A,N/A,N/A,N/A,0,0,0,0,1,0,0,0,0,0,0,0,0,0,0,1
CIBIV-ID:162057,chrx:70824001,exonic,ACRC,T,TC,NM_052957:c.874_875insC:p.S292fs,frameshift insertion,N/A,3-Aug,8,N/A,N/A,N/A,N/A,N/A,N/A,N/A,N/A,N/A,0,0,0,0,0,0,0,0,0,1,0,0,0,0,0,1
CIBIV-ID:118680,chr15:78470965,exonic,ACSBG1,G,A,NM_001199377:c.C1681T:p.R561C,nonsynonymous SNV,N/A,130.99,88,N/A,1,D,0.999981,D,0.986101,C,1,16-Feb,0,0,0,0,0,0,0,0,0,0,1,0,0,0,0,1
CIBIV-ID:41851,chr4:185701549,exonic,ACSL1,G,T,NM_001995:c.C414A:p.I138I,synonymous SNV,rs1803898,300.9,24,0.18,N/A,N/A,N/A,N/A,N/A,N/A,N/A,N/A,0,0,0,0,1,0,0,0,0,0,0,0,1,0,0,2
CIBIV-ID:46899,chr5:131305843,exonic,ACSL6,G,T,NM_001205251:c.C1185A:p.T395T,synonymous SNV,N/A,255.79,221,N/A,N/A,N/A,N/A,N/A,N/A,N/A,N/A,N/A,0,0,0,0,0,0,0,0,0,1,0,0,0,0,0,1
CIBIV-ID:46901,chr5:131308515,exonic,ACSL6,G,GC,NM_001205251:c.940_941insG:p.L314fs,frameshift insertion,N/A,Jul-35,12,N/A,N/A,N/A,N/A,N/A,N/A,N/A,N/A,N/A,0,0,0,0,0,0,0,0,1,0,0,0,0,0,0,1
CIBIV-ID:122185,chr16:20651783,exonic@splicing,ACSM1@ACSM1,C,T,NM_052956:c.G1116A:p.T372T,synonymous SNV,N/A,193.97,87,N/A,N/A,N/A,N/A,N/A,N/A,N/A,N/A,N/A,0,0,0,0,0,0,0,1,0,0,0,0,0,0,0,1
CIBIV-ID:122156,chr16:20488696,exonic,ACSM2A,A,G,NM_001010845:c.A1104G:p.L368L,synonymous SNV,rs1700805,Jun-98,8,0.45,N/A,N/A,N/A,N/A,N/A,N/A,N/A,N/A,0,0,0,0,0,0,0,0,0,0,0,1,0,0,0,1
CIBIV-ID:122157,chr16:20492000,exonic,ACSM2A,A,G,NM_001010845:c.A1387G:p.N463D,nonsynonymous SNV,rs9924150,100,75,0.76,0,B,1.00E-05,N,0.890107,N,0,Feb-79,0,0,0,0,0,0,0,0,0,0,0,0,0,0,1,1
CIBIV-ID:122163,chr16:20556518,exonic,ACSM2B,G,T,NM_001105069:c.C1242A:p.V414V,synonymous SNV,N/A,487.78,54,N/A,N/A,N/A,N/A,N/A,N/A,N/A,N/A,N/A,0,1,0,0,0,0,0,0,0,0,0,0,0,0,0,1
CIBIV-ID:122144,chr16:20441077,exonic,ACSM5,A,G,NM_017888:c.A1079G:p.H360R,nonsynonymous SNV,rs12931877,172.29,84,0.09,0,B,3.00E-06,N,0.045079,N,0.61,-6.17,0,0,1,0,0,0,0,0,0,0,0,0,0,0,0,1
CIBIV-ID:122142,chr16:20439189,exonic@splicing,ACSM5@ACSM5,G,T,NM_017888:c.G1001T:p.R334M,nonsynonymous SNV,N/A,10-Apr,8,N/A,0.605,P,0.693932,NA,0.999389,C,0.97,Apr-88,1,0,0,0,0,0,0,0,0,0,0,0,0,0,0,1
CIBIV-ID:150143,chr20:25003696,exonic,ACSS1,T,TG,NM_001252676:c.477_478insC:p.P159fs,frameshift insertion,N/A,84.94,27,N/A,N/A,N/A,N/A,N/A,N/A,N/A,N/A,N/A,0,0,0,0,0,0,0,0,0,0,1,0,0,0,0,1
CIBIV-ID:150985,chr20:33470694,exonic,ACSS2,C,T,NM_001076552:c.C276T:p.F92F,synonymous SNV,rs4911163,174.22,14,0.47,N/A,N/A,N/A,N/A,N/A,N/A,N/A,N/A,0,0,0,0,0,0,0,0,0,0,0,0,0,1,0,1
CIBIV-ID:150987,chr20:33508873,exonic,ACSS2,T,C,NM_001242393:c.T923C:p.V308A,nonsynonymous SNV,N/A,142.72,130,N/A,0.999,D,0.999996,D,0.998626,C,1,18-May,0,0,0,0,0,0,0,0,0,0,1,0,0,0,0,1
CIBIV-ID:103185,chr12:81545793,exonic,ACSS3,C,A,NM_024560:c.C1016A:p.A339D,nonsynonymous SNV,N/A,311.95,125,N/A,0.997,D,0.998417,D,0.999032,C,1,May-39,0,0,0,0,1,0,0,0,0,0,0,0,0,0,0,1
CIBIV-ID:13918,chr1:229567496,exonic,ACTA1,G,A,NM_001100:c.C962T:p.A321V,nonsynonymous SNV,N/A,479.74,317,N/A,0,B,0.662438,D,0.998541,C,1,3-Jul,0,0,0,0,0,0,0,0,0,0,1,0,0,0,0,1
CIBIV-ID:13921,chr1:229567763,exonic,ACTA1,C,T,NM_001100:c.G786A:p.T262T,synonymous SNV,N/A,14-Feb,75,N/A,N/A,N/A,N/A,N/A,N/A,N/A,N/A,N/A,0,0,0,0,0,0,0,0,0,0,1,0,0,0,0,1
CIBIV-ID:115920,chr15:35085611,exonic,ACTC1,G,A,NM_005159:c.C289T:p.R97C,nonsynonymous SNV,N/A,158.19,122,N/A,0.735481,NA,0.999898,D,0.999729,C,0.903834,5-May,0,0,0,0,0,0,0,0,0,0,1,0,0,0,0,1
CIBIV-ID:135514,chr17:79478617,exonic,ACTG1,G,A,NM_001199954:c.C399T:p.Y133Y,synonymous SNV,rs2230158,3624.65,312,0.02,N/A,N/A,N/A,N/A,N/A,N/A,N/A,N/A,0,0,0,0,0,0,0,0,0,0,0,0,0,1,0,1
CIBIV-ID:7098,chr1:104112206,ncRNA_exonic,ACTG1P4,A,G,N/A,N/A,N/A,14-Feb,7,N/A,N/A,N/A,N/A,N/A,N/A,N/A,N/A,N/A,0,0,0,0,0,0,0,0,0,0,1,0,0,0,0,1
CIBIV-ID:7099,chr1:104112493,ncRNA_exonic,ACTG1P4,A,AG,N/A,N/A,N/A,5-Aug,9,N/A,N/A,N/A,N/A,N/A,N/A,N/A,N/A,N/A,0,0,0,0,0,0,0,0,1,0,0,0,0,0,0,1
CIBIV-ID:79287,chr9:111617341,exonic,ACTL7B,A,G,NM_006686:c.T870C:p.T290T,synonymous SNV,rs3750467,2313.17,181,0.12,N/A,N/A,N/A,N/A,N/A,N/A,N/A,N/A,0,0,0,0,1,0,0,0,0,0,0,0,0,0,0,1
CIBIV-ID:2816,chr1:18149510,exonic,ACTL8,G,T,NM_030812:c.G7T:p.A3S,nonsynonymous SNV,rs694214,5916.89,437,0.35,0.032,B,0.008725,P,0.062513,N,0.74,-3.57,0,0,0,0,1,0,0,0,0,0,0,0,0,0,0,1
CIBIV-ID:2817,chr1:18149566,exonic,ACTL8,C,A,NM_030812:c.C63A:p.G21G,synonymous SNV,rs2296035,6867.59,514,0.52,N/A,N/A,N/A,N/A,N/A,N/A,N/A,N/A,0,0,0,0,1,0,0,0,0,0,0,0,0,0,0,1
CIBIV-ID:2818,chr1:18152582,exonic,ACTL8,C,T,NM_030812:c.C669T:p.D223D,synonymous SNV,rs478698,2084.33,148,0.14,N/A,N/A,N/A,N/A,N/A,N/A,N/A,N/A,0,0,0,0,1,0,0,0,0,0,0,0,0,0,0,1
CIBIV-ID:141056,chr19:8808041,exonic,ACTL9,G,A,NM_178525:c.C1011T:p.N337N,synonymous SNV,N/A,220.08,130,N/A,N/A,N/A,N/A,N/A,N/A,N/A,N/A,N/A,0,0,0,0,0,0,0,1,0,0,0,0,0,0,0,1
CIBIV-ID:14449,chr1:236882303,exonic,ACTN2,T,C,NM_001103:c.T351C:p.I117I,synonymous SNV,rs1341864,550.64,43,0.99,N/A,N/A,N/A,N/A,N/A,N/A,N/A,N/A,0,0,0,0,1,0,0,0,0,0,0,0,0,0,0,1
CIBIV-ID:95072,chr11:66328719,exonic,ACTN3,T,C,UNKNOWN,unknown,rs618838,182.23,16,0.59,N/A,N/A,N/A,N/A,N/A,N/A,N/A,N/A,0,0,1,0,0,0,0,0,0,0,0,0,0,0,0,1
CIBIV-ID:144759,chr19:39196745,exonic,ACTN4,C,T,NM_004924:c.C546T:p.N182N,synonymous SNV,rs3745859,4993.35,404,0.38,N/A,N/A,N/A,N/A,N/A,N/A,N/A,N/A,0,0,0,0,0,0,0,0,0,0,0,0,1,0,0,1
CIBIV-ID:111676,chr14:58701216,exonic,ACTR10,G,A,NM_018477:c.G1201A:p.V401I,nonsynonymous SNV,N/A,1201.72,176,N/A,0.028,B,0.31567,N,0.9998,C,0.83,May-73,0,1,0,0,0,0,0,0,0,0,0,0,0,0,0,1
CIBIV-ID:17932,chr2:65495806,exonic,ACTR2,C,A,NM_005722:c.C1123A:p.R375R,synonymous SNV,N/A,19-Jan,7,N/A,N/A,N/A,N/A,N/A,N/A,N/A,N/A,N/A,1,0,0,0,0,0,0,0,0,0,0,0,0,0,0,1
CIBIV-ID:20626,chr2:114670772,exonic,ACTR3,G,GA,NM_005721:c.68_69insA:p.P23fs,frameshift insertion,N/A,26-May,11,N/A,N/A,N/A,N/A,N/A,N/A,N/A,N/A,N/A,0,0,0,0,0,0,0,0,0,1,0,0,0,0,0,1
CIBIV-ID:68219,chr7:152497656,exonic,ACTR3B,T,C,NM_001040135:c.T141C:p.A47A,synonymous SNV,rs2462099,211.19,81,N/A,N/A,N/A,N/A,N/A,N/A,N/A,N/A,N/A,0,1,1,0,0,0,0,0,0,0,0,0,0,0,0,2
CIBIV-ID:19231,chr2:92129194,ncRNA_exonic,ACTR3BP2,C,T,N/A,N/A,rs3968120,Mar-54,129,N/A,N/A,N/A,N/A,N/A,N/A,N/A,N/A,N/A,0,0,0,0,0,0,0,0,0,0,0,0,0,0,1,1
CIBIV-ID:151334,chr20:37377139,exonic,ACTR5,C,T,NM_024855:c.C18T:p.F6F,synonymous SNV,rs2254105,14-Feb,5,0.23,N/A,N/A,N/A,N/A,N/A,N/A,N/A,N/A,0,0,0,0,0,0,0,1,0,0,0,0,0,0,0,1
CIBIV-ID:103704,chr12:100603858,exonic,ACTR6,T,TC,NM_022496:c.387_388insC:p.A129fs,frameshift insertion,N/A,11-Aug,10,N/A,N/A,N/A,N/A,N/A,N/A,N/A,N/A,N/A,0,0,0,0,0,0,0,0,0,1,0,0,0,0,0,1
CIBIV-ID:162913,chrx:127185412,exonic,ACTRT1,C,T,NM_138289:c.G774A:p.V258V,synonymous SNV,N/A,185.18,161,N/A,N/A,N/A,N/A,N/A,N/A,N/A,N/A,N/A,0,0,0,0,0,0,0,1,0,0,0,0,0,0,0,1
CIBIV-ID:21932,chr2:148676144,exonic,ACVR2A,A,C,NM_001616:c.A945C:p.K315N,nonsynonymous SNV,N/A,99.04,109,N/A,0.767,P,0.999998,D,0.191412,N,1,-0.222,1,0,0,0,0,0,0,1,0,0,0,0,0,0,0,2
CIBIV-ID:28118,chr3:38519396,exonic,ACVR2B,G,A,NM_001106:c.G305A:p.C102Y,nonsynonymous SNV,N/A,197.81,149,N/A,1,D,0.999999,D,0.998873,C,1,Apr-42,0,0,0,0,0,1,0,0,0,0,0,0,0,0,0,1
CIBIV-ID:151580,chr20:43251715,exonic,ADA,G,GC,NM_000022:c.611_612insG:p.A204fs,frameshift insertion,N/A,14-Jun,6,N/A,N/A,N/A,N/A,N/A,N/A,N/A,N/A,N/A,0,0,0,0,0,0,0,0,1,0,0,0,0,0,0,1
